"positionRank","playername","playernamelong","position","team","points","auctionValue","available","costEst"
24,"Buffalo Bills","Buffalo Bills (DST, BUF)","DST","BUF",96.0948333333333,1,"yes",1
32,"Indianapolis Colts","Indianapolis Colts (DST, IND)","DST","IND",81.2958333333333,1,"yes",1
26,"Miami Dolphins","Miami Dolphins (DST, MIA)","DST","MIA",95.4986666666667,1,"yes",1
13,"New England Patriots","New England Patriots (DST, NEP)","DST","NEP",106.612833333333,1,"yes",1
29,"New York Jets","New York Jets (DST, NYJ)","DST","NYJ",87.0656666666667,1,"yes",1
22,"Cincinnati Bengals","Cincinnati Bengals (DST, CIN)","DST","CIN",99.6613333333333,1,"yes",1
31,"Cleveland Browns","Cleveland Browns (DST, CLE)","DST","CLE",85.156,1,"yes",1
21,"Tennessee Titans","Tennessee Titans (DST, TEN)","DST","TEN",99.685,1,"yes",1
1,"Jacksonville Jaguars","Jacksonville Jaguars (DST, JAC)","DST","JAC",126.9675,1,"no",5
9,"Pittsburgh Steelers","Pittsburgh Steelers (DST, PIT)","DST","PIT",109.309666666667,1,"yes",1
7,"Denver Broncos","Denver Broncos (DST, DEN)","DST","DEN",112.195833333333,1,"yes",1
20,"Kansas City Chiefs","Kansas City Chiefs (DST, KCC)","DST","KCC",99.7005,1,"yes",1
30,"Oakland Raiders","Oakland Raiders (DST, OAK)","DST","OAK",85.547,1,"yes",1
5,"Los Angeles Chargers","Los Angeles Chargers (DST, LAC)","DST","LAC",113.8255,1,"yes",1
10,"Seattle Seahawks","Seattle Seahawks (DST, SEA)","DST","SEA",109.262,1,"yes",1
25,"Dallas Cowboys","Dallas Cowboys (DST, DAL)","DST","DAL",95.7983333333333,1,"yes",1
27,"New York Giants","New York Giants (DST, NYG)","DST","NYG",92.4228333333333,1,"yes",1
2,"Philadelphia Eagles","Philadelphia Eagles (DST, PHI)","DST","PHI",120.901,1,"yes",1
18,"Arizona Cardinals","Arizona Cardinals (DST, ARI)","DST","ARI",102.397833333333,1,"yes",1
16,"Washington Redskins","Washington Redskins (DST, WAS)","DST","WAS",103.173,1,"yes",1
14,"Chicago Bears","Chicago Bears (DST, CHI)","DST","CHI",106.039166666667,1,"yes",1
12,"Detroit Lions","Detroit Lions (DST, DET)","DST","DET",106.6785,1,"yes",1
17,"Green Bay Packers","Green Bay Packers (DST, GBP)","DST","GBP",102.817166666667,1,"yes",1
6,"Minnesota Vikings","Minnesota Vikings (DST, MIN)","DST","MIN",113.577,1,"yes",1
23,"Tampa Bay Buccaneers","Tampa Bay Buccaneers (DST, TBB)","DST","TBB",98.5426666666667,1,"yes",1
19,"Atlanta Falcons","Atlanta Falcons (DST, ATL)","DST","ATL",99.7606666666667,1,"yes",1
8,"Carolina Panthers","Carolina Panthers (DST, CAR)","DST","CAR",110.960666666667,1,"yes",1
3,"Los Angeles Rams","Los Angeles Rams (DST, LAR)","DST","LAR",118.128833333333,1,"no",2
15,"New Orleans Saints","New Orleans Saints (DST, NOS)","DST","NOS",104.152833333333,1,"yes",1
28,"San Francisco 49ers","San Francisco 49ers (DST, SFO)","DST","SFO",92.1896666666667,1,"yes",1
4,"Baltimore Ravens","Baltimore Ravens (DST, BAL)","DST","BAL",115.153333333333,1,"yes",1
11,"Houston Texans","Houston Texans (DST, HOU)","DST","HOU",108.334666666667,1,"yes",1
13,"Adam Vinatieri","Adam Vinatieri (K, IND)","K","IND",129.029077122767,1,"yes",1
17,"Phil Dawson","Phil Dawson (K, ARI)","K","ARI",121.562729527231,1,"yes",1
179,"Roosevelt Nix","Roosevelt Nix (RB, PIT)","RB","PIT",8.94153333333333,1,"yes",1
6,"Drew Brees","Drew Brees (QB, NOS)","QB","NOS",286.052509090909,3,"yes",3
19,"Sebastian Janikowski","Sebastian Janikowski (K, SEA)","K","SEA",118.555217359172,1,"yes",1
4,"Tom Brady","Tom Brady (QB, NEP)","QB","NEP",302.029636363636,13,"yes",13
44,"Josh McCown","Josh McCown (QB, NYJ)","QB","NYJ",49.9383066666667,1,"yes",1
4,"Matt Bryant","Matt Bryant (K, ATL)","K","ATL",146.686737137686,1,"yes",1
27,"Eli Manning","Eli Manning (QB, NYG)","QB","NYG",228.212872727273,1,"yes",1
11,"Larry Fitzgerald","Larry Fitzgerald (WR, ARI)","WR","ARI",187.075034084046,43,"yes",43
15,"Philip Rivers","Philip Rivers (QB, LAC)","QB","LAC",263.029663636364,1,"yes",1
11,"Ben Roethlisberger","Ben Roethlisberger (QB, PIT)","QB","PIT",269.203763636364,3,"yes",3
24,"Ben Watson","Ben Watson (TE, NOS)","TE","NOS",94.4523594824882,1,"yes",1
50,"Matt Schaub","Matt Schaub (QB, ATL)","QB","ATL",30.41645,1,"yes",1
14,"Alex Smith","Alex Smith (QB, WAS)","QB","WAS",264.519890909091,1,"yes",1
1,"Aaron Rodgers","Aaron Rodgers (QB, GBP)","QB","GBP",332.056690909091,14,"no",28
34,"Mike Nugent","Mike Nugent (K, OAK)","K","OAK",51.3002191156646,1,"yes",1
67,"Frank Gore","Frank Gore (RB, MIA)","RB","MIA",92.5401799485663,1,"yes",1
74,"Darren Sproles","Darren Sproles (RB, PHI)","RB","PHI",87.143470990413,1,"yes",1
78,"Matt Cassel","Matt Cassel (QB, DET)","QB","DET",5.384,1,"yes",1
43,"Ryan Fitzpatrick","Ryan Fitzpatrick (QB, TBB)","QB","TBB",55.51936,1,"yes",1
9,"Robbie Gould","Robbie Gould (K, SFO)","K","SFO",139.112634065989,1,"yes",1
25,"Vernon Davis","Vernon Davis (TE, WAS)","TE","WAS",87.2056080415558,1,"yes",1
50,"Marcedes Lewis","Marcedes Lewis (TE, GBP)","TE","GBP",40.7493,1,"yes",1
2,"Stephen Gostkowski","Stephen Gostkowski (K, NEP)","K","NEP",151.791821663472,1,"no",1
76,"Brandon Marshall","Brandon Marshall (WR, SEA)","WR","SEA",95.2015856187291,1,"yes",1
7,"Delanie Walker","Delanie Walker (TE, TEN)","TE","TEN",134.936464156881,10,"yes",10
52,"Adrian Peterson","Adrian Peterson (RB, WAS)","RB","WAS",117.363690132448,3,"yes",3
26,"Marshawn Lynch","Marshawn Lynch (RB, OAK)","RB","OAK",156.919265366435,20,"yes",20
59,"Ted Ginn Jr.","Ted Ginn Jr. (WR, NOS)","WR","NOS",115.67013599706,1,"yes",1
6,"Greg Olsen","Greg Olsen (TE, CAR)","TE","CAR",144.559749189266,11,"yes",11
75,"Drew Stanton","Drew Stanton (QB, CLE)","QB","CLE",6.254,1,"yes",1
16,"Mason Crosby","Mason Crosby (K, GBP)","K","GBP",126.216551690301,1,"yes",1
10,"Matt Prater","Matt Prater (K, DET)","K","DET",136.841399529845,1,"yes",1
30,"Joe Flacco","Joe Flacco (QB, BAL)","QB","BAL",202.812709090909,1,"yes",1
58,"Chad Henne","Chad Henne (QB, KCC)","QB","KCC",10.58135,1,"yes",1
48,"DeSean Jackson","DeSean Jackson (WR, TBB)","WR","TBB",130.922473867534,3,"yes",3
10,"Matt Ryan","Matt Ryan (QB, ATL)","QB","ATL",269.6556,3,"yes",3
92,"Jonathan Stewart","Jonathan Stewart (RB, NYG)","RB","NYG",63.5455638620339,1,"yes",1
35,"Jordy Nelson","Jordy Nelson (WR, OAK)","WR","OAK",146.779355964968,3,"yes",3
248,"Matt Slater","Matt Slater (WR, NEP)","WR","NEP",5.2955,1,"yes",1
26,"Pierre Garcon","Pierre Garcon (WR, SFO)","WR","SFO",157.811741057407,8,"yes",8
55,"Danny Amendola","Danny Amendola (WR, MIA)","WR","MIA",121.182632901463,3,"yes",3
18,"Steven Hauschka","Steven Hauschka (K, BUF)","K","BUF",118.686137159353,1,"yes",1
34,"Michael Crabtree","Michael Crabtree (WR, BAL)","WR","BAL",147.488839947686,15,"yes",15
8,"Matthew Stafford","Matthew Stafford (QB, DET)","QB","DET",274.194727272727,3,"yes",3
13,"LeSean McCoy","LeSean McCoy (RB, BUF)","RB","BUF",211.070570087328,48,"no",12
149,"Darrius Heyward-Bey","Darrius Heyward-Bey (WR, PIT)","WR","PIT",27.5714038294169,1,"yes",1
14,"Jared Cook","Jared Cook (TE, OAK)","TE","OAK",107.430602887474,1,"yes",1
193,"Brandon Tate","Brandon Tate (WR, NOS)","WR","NOS",12.3560664939551,1,"yes",1
62,"Mike Wallace","Mike Wallace (WR, PHI)","WR","PHI",113.450696547306,1,"yes",1
136,"Zach Miller","Zach Miller (TE, CHI)","TE","CHI",0,1,"yes",1
117,"John Phillips","John Phillips (TE, NOS)","TE","NOS",7.92333333333333,1,"yes",1
45,"Julian Edelman","Julian Edelman (WR, NEP)","WR","NEP",136.147672166753,5,"yes",5
15,"Ryan Succop","Ryan Succop (K, TEN)","K","TEN",126.424891427666,1,"yes",1
12,"Graham Gano","Graham Gano (K, CAR)","K","CAR",130.501926146786,1,"yes",1
69,"Chase Daniel","Chase Daniel (QB, CHI)","QB","CHI",7.72411904761905,1,"yes",1
74,"Brian Hoyer","Brian Hoyer (QB, NEP)","QB","NEP",6.47138333333333,1,"yes",1
34,"Sam Bradford","Sam Bradford (QB, ARI)","QB","ARI",157.93944,1,"yes",1
20,"Golden Tate","Golden Tate (WR, DET)","WR","DET",172.542215112016,31,"yes",31
37,"Jermaine Gresham","Jermaine Gresham (TE, ARI)","TE","ARI",56.3272674462114,1,"yes",1
17,"Demaryius Thomas","Demaryius Thomas (WR, DEN)","WR","DEN",179.586251652022,35,"yes",35
80,"LeGarrette Blount","LeGarrette Blount (RB, DET)","RB","DET",73.7990106984262,1,"yes",1
73,"Colt McCoy","Colt McCoy (QB, WAS)","QB","WAS",6.71837,1,"yes",1
1,"Rob Gronkowski","Rob Gronkowski (TE, NEP)","TE","NEP",198.097781397701,51,"no",34
29,"Ed Dickson","Ed Dickson (TE, SEA)","TE","SEA",68.4723,1,"yes",1
33,"Emmanuel Sanders","Emmanuel Sanders (WR, DEN)","WR","DEN",149.613517318814,15,"yes",15
153,"Andre Roberts","Andre Roberts (WR, NYJ)","WR","NYJ",25.6046666666667,1,"yes",1
4,"Jimmy Graham","Jimmy Graham (TE, GBP)","TE","GBP",151.714884947497,7,"yes",7
103,"Michael Hoomanawanui","Michael Hoomanawanui (TE, NOS)","TE","NOS",11.9741428571429,1,"yes",1
1,"Antonio Brown","Antonio Brown (WR, PIT)","WR","PIT",257.663650942915,71,"no",52
86,"Joe Webb","Joe Webb (QB, HOU)","QB","HOU",2.975,1,"yes",1
75,"Chris Ivory","Chris Ivory (RB, BUF)","RB","BUF",86.7359333333333,1,"yes",1
115,"Logan Paulsen","Logan Paulsen (TE, ATL)","TE","ATL",8.25457142857143,1,"yes",1
8,"A.J. Green","A.J. Green (WR, CIN)","WR","CIN",210.04264466487,56,"no",44
51,"Blaine Gabbert","Blaine Gabbert (QB, TEN)","QB","TEN",25.9172888888889,1,"yes",1
3,"Julio Jones","Julio Jones (WR, ATL)","WR","ATL",233.451309012608,57,"no",43
5,"Cam Newton","Cam Newton (QB, CAR)","QB","CAR",292.209945454545,6,"yes",6
32,"Mark Ingram","Mark Ingram (RB, NOS)","RB","NOS",150.470557614035,18,"yes",18
93,"Torrey Smith","Torrey Smith (WR, CAR)","WR","CAR",74.3945,1,"yes",1
114,"Jacquizz Rodgers","Jacquizz Rodgers (RB, TBB)","RB","TBB",39.905,1,"yes",1
91,"Shane Vereen","Shane Vereen (RB, NOS)","RB","NOS",63.636,1,"yes",1
41,"Randall Cobb","Randall Cobb (WR, GBP)","WR","GBP",141.374179128288,8,"yes",8
8,"Kyle Rudolph","Kyle Rudolph (TE, MIN)","TE","MIN",131.462175304495,3,"yes",3
24,"Andy Dalton","Andy Dalton (QB, CIN)","QB","CIN",238.748,1,"yes",1
71,"Lance Kendricks","Lance Kendricks (TE, GBP)","TE","GBP",23.8134444444444,1,"yes",1
260,"Greg Little","Greg Little (WR, ARI)","WR","ARI",0,1,"yes",1
124,"Stevan Ridley","Stevan Ridley (RB, PIT)","RB","PIT",34.5635238095238,1,"yes",1
88,"Luke Stocker","Luke Stocker (TE, TEN)","TE","TEN",16.5768571428571,1,"yes",1
214,"Taiwan Jones","Taiwan Jones (RB, BUF)","RB","BUF",3.65893333333333,1,"yes",1
51,"Bilal Powell","Bilal Powell (RB, NYJ)","RB","NYJ",117.542273753663,1,"yes",1
173,"Anthony Sherman","Anthony Sherman (RB, KCC)","RB","KCC",10.1876666666667,1,"yes",1
30,"Dion Lewis","Dion Lewis (RB, TEN)","RB","TEN",153.980801212994,19,"yes",19
110,"Jeremy Kerley","Jeremy Kerley (WR, BUF)","WR","BUF",54.7045555555556,1,"yes",1
74,"Niles Paul","Niles Paul (TE, JAC)","TE","JAC",23.3714856557377,1,"yes",1
75,"Lee Smith","Lee Smith (TE, OAK)","TE","OAK",23.275125,1,"yes",1
22,"Charles Clay","Charles Clay (TE, BUF)","TE","BUF",97.3111891646696,1,"yes",1
175,"Dwayne Harris","Dwayne Harris (WR, OAK)","WR","OAK",16.2895,1,"yes",1
129,"Aldrick Robinson","Aldrick Robinson (WR, SFO)","WR","SFO",37.2086666666667,1,"yes",1
31,"Tyrod Taylor","Tyrod Taylor (QB, CLE)","QB","CLE",196.2344,1,"yes",1
41,"Virgil Green","Virgil Green (TE, LAC)","TE","LAC",52.705,1,"yes",1
38,"Terrelle Pryor","Terrelle Pryor (WR, NYJ)","QB","NYJ",142.12,1,"yes",1
88,"Terrelle Pryor","Terrelle Pryor (WR, NYJ)","WR","NYJ",77.6124028571833,1,"yes",1
14,"Dan Bailey","Dan Bailey (K, DAL)","K","DAL",128.87995161709,1,"yes",1
19,"Doug Baldwin","Doug Baldwin (WR, SEA)","WR","SEA",178.438464149577,34,"yes",34
234,"Kamar Aiken","Kamar Aiken (WR, PHI)","WR","PHI",7.405,1,"yes",1
147,"Andre Holmes","Andre Holmes (WR, BUF)","WR","BUF",28.94775,1,"yes",1
9,"Andrew Luck","Andrew Luck (QB, IND)","QB","IND",273.188618181818,4,"yes",4
42,"Robert Griffin III","Robert Griffin III (QB, BAL)","QB","BAL",60.7632,1,"yes",1
26,"Ryan Tannehill","Ryan Tannehill (QB, MIA)","QB","MIA",230.127927272727,1,"yes",1
47,"Brandon Weeden","Brandon Weeden (QB, HOU)","QB","HOU",37.7149690476191,1,"yes",1
46,"Nick Foles","Nick Foles (QB, PHI)","QB","PHI",41.24082,1,"yes",1
21,"Kirk Cousins","Kirk Cousins (QB, MIN)","QB","MIN",245.721218181818,3,"yes",3
57,"Brock Osweiler","Brock Osweiler (QB, MIA)","QB","MIA",11.728,1,"yes",1
2,"Russell Wilson","Russell Wilson (QB, SEA)","QB","SEA",305.644072727273,6,"yes",6
25,"Lamar Miller","Lamar Miller (RB, HOU)","RB","HOU",162.486843539245,19,"yes",19
58,"Doug Martin","Doug Martin (RB, OAK)","RB","OAK",106.279518151987,1,"yes",1
117,"Robert Turbin","Robert Turbin (RB, IND)","RB","IND",37.2077777777778,1,"yes",1
91,"Kendall Wright","Kendall Wright (WR, MIN)","WR","MIN",75.4889590163935,1,"yes",1
133,"Michael Floyd","Michael Floyd (WR, NOS)","WR","NOS",35.2256666666667,1,"yes",1
37,"Alshon Jeffery","Alshon Jeffery (WR, PHI)","WR","PHI",145.876280740745,25,"yes",25
53,"Mohamed Sanu","Mohamed Sanu (WR, ATL)","WR","ATL",124.560454277828,3,"yes",3
16,"T.Y. Hilton","T.Y. Hilton (WR, IND)","WR","IND",180.459651079723,42,"no",29
260,"DeVier Posey","DeVier Posey (WR, BAL)","WR","BAL",0,1,"yes",1
136,"Jarius Wright","Jarius Wright (WR, CAR)","WR","CAR",33.3963132957884,1,"yes",1
125,"Brian Quick","Brian Quick (WR, WAS)","WR","WAS",39.8239047619048,1,"yes",1
84,"Travis Benjamin","Travis Benjamin (WR, LAC)","WR","LAC",88.6922553494953,1,"yes",1
24,"Marvin Jones","Marvin Jones (WR, DET)","WR","DET",162.090591237905,27,"yes",27
55,"Dwayne Allen","Dwayne Allen (TE, NEP)","TE","NEP",36.5296,1,"yes",1
118,"Orson Charles","Orson Charles (TE, CLE)","TE","CLE",7.66666666666667,1,"yes",1
61,"Rhett Ellison","Rhett Ellison (TE, NYG)","TE","NYG",31.4711111111111,1,"yes",1
25,"Randy Bullock","Randy Bullock (K, CIN)","K","CIN",111.563973611179,1,"yes",1
3,"Greg Zuerlein","Greg Zuerlein (K, LAR)","K","LAR",151.341766166517,1,"yes",1
86,"Alfred Morris","Alfred Morris (RB, SFO)","RB","SFO",67.7124559260956,1,"yes",1
57,"Rishard Matthews","Rishard Matthews (WR, TEN)","WR","TEN",117.259760116706,3,"yes",3
193,"Brandon Bolden","Brandon Bolden (RB, NEP)","RB","NEP",7.1056,1,"yes",1
101,"Derek Carrier","Derek Carrier (TE, OAK)","TE","OAK",12.70375,1,"yes",1
25,"Case Keenum","Case Keenum (QB, DEN)","QB","DEN",233.325793333333,1,"yes",1
127,"Rod Streater","Rod Streater (WR, BUF)","WR","BUF",37.873,1,"yes",1
138,"Deonte Thompson","Deonte Thompson (WR, DAL)","WR","DAL",32.9164166666667,1,"yes",1
22,"Josh Gordon","Josh Gordon (WR, CLE)","WR","CLE",166.743728666318,29,"no",26
90,"Cole Beasley","Cole Beasley (WR, DAL)","WR","DAL",76.8411706633957,1,"yes",1
1,"Justin Tucker","Justin Tucker (K, BAL)","K","BAL",152.957138336162,1,"yes",1
144,"Travaris Cadet","Travaris Cadet (RB, BUF)","RB","BUF",24.1342666666667,1,"yes",1
25,"Chris Hogan","Chris Hogan (WR, NEP)","WR","NEP",159.819358391659,17,"yes",17
175,"Jamize Olawale","Jamize Olawale (RB, DAL)","RB","DAL",9.79575,1,"yes",1
88,"Austin Davis","Austin Davis (QB, SEA)","QB","SEA",2.0009,1,"yes",1
33,"Garrett Celek","Garrett Celek (TE, SFO)","TE","SFO",60.604,1,"yes",1
74,"Jermaine Kearse","Jermaine Kearse (WR, NYJ)","WR","NYJ",99.6023333333333,1,"yes",1
170,"Patrick DiMarco","Patrick DiMarco (RB, BUF)","RB","BUF",11.3174666666667,1,"yes",1
195,"James Develin","James Develin (RB, NEP)","RB","NEP",6.9865,1,"yes",1
150,"Josh Bellamy","Josh Bellamy (WR, CHI)","WR","CHI",27.4414166666667,1,"yes",1
106,"Sean McGrath","Sean McGrath (TE, DET)","TE","DET",10.8734166666667,1,"yes",1
54,"Geno Smith","Geno Smith (QB, LAC)","QB","LAC",18.1114583333333,1,"yes",1
67,"Matt Barkley","Matt Barkley (QB, CIN)","QB","CIN",8.06211904761905,1,"yes",1
72,"Mike Glennon","Mike Glennon (QB, ARI)","QB","ARI",6.776,1,"yes",1
48,"E.J. Manuel","E.J. Manuel (QB, OAK)","QB","OAK",33.0356761904762,1,"yes",1
65,"Landry Jones","Landry Jones (QB, PIT)","QB","PIT",9.25346666666667,1,"yes",1
100,"Tyler Bray","Tyler Bray (QB, CHI)","QB","CHI",-0.02,1,"yes",1
166,"Kenjon Barner","Kenjon Barner (RB, CAR)","RB","CAR",14.372,1,"yes",1
111,"Christine Michael","Christine Michael (RB, IND)","RB","IND",44.1713333333333,1,"yes",1
122,"Mike Gillislee","Mike Gillislee (RB, NEP)","RB","NEP",35.309,1,"yes",1
38,"Rex Burkhead","Rex Burkhead (RB, NEP)","RB","NEP",135.489876462719,12,"yes",12
139,"Kerwynn Williams","Kerwynn Williams (RB, KCC)","RB","KCC",27.4875,1,"yes",1
47,"Chris Thompson","Chris Thompson (RB, WAS)","RB","WAS",127.142226953683,7,"yes",7
56,"Theo Riddick","Theo Riddick (RB, DET)","RB","DET",109.929251027301,3,"yes",3
3,"Le'Veon Bell","Le'Veon Bell (RB, PIT)","RB","PIT",287.999424602586,76,"no",59
49,"Giovani Bernard","Giovani Bernard (RB, CIN)","RB","CIN",124.150330373289,3,"yes",3
159,"Knile Davis","Knile Davis (RB, CHI)","RB","CHI",17.048,1,"yes",1
78,"Spencer Ware","Spencer Ware (RB, KCC)","RB","KCC",75.014,1,"yes",1
80,"Terrance Williams","Terrance Williams (WR, DAL)","WR","DAL",93.5653099882326,1,"yes",1
155,"Justin Hunter","Justin Hunter (WR, PIT)","WR","PIT",25.2980952380952,1,"yes",1
106,"Tavon Austin","Tavon Austin (WR, DAL)","RB","DAL",48.0219166666667,1,"yes",1
113,"Tavon Austin","Tavon Austin (WR, DAL)","WR","DAL",53.4672265044207,1,"yes",1
260,"Cobi Hamilton","Cobi Hamilton (WR, IND)","WR","IND",0,1,"yes",1
168,"Tavarres King","Tavarres King (WR, MIN)","WR","MIN",18.3815,1,"yes",1
7,"Keenan Allen","Keenan Allen (WR, LAC)","WR","LAC",210.41676637373,62,"no",41
107,"Cordarrelle Patterson","Cordarrelle Patterson (WR, NEP)","WR","NEP",59.186943797075,1,"yes",1
46,"Kenny Stills","Kenny Stills (WR, MIA)","WR","MIA",134.483249064952,3,"yes",3
31,"Robert Woods","Robert Woods (WR, LAR)","WR","LAR",151.433207791068,16,"yes",16
151,"Markus Wheaton","Markus Wheaton (WR, PHI)","WR","PHI",26.6733333333333,1,"yes",1
4,"DeAndre Hopkins","DeAndre Hopkins (WR, HOU)","WR","HOU",232.3261094235,68,"no",53
152,"Russell Shepard","Russell Shepard (WR, NYG)","WR","NYG",26.4474333333333,1,"yes",1
43,"Marquise Goodwin","Marquise Goodwin (WR, SFO)","WR","SFO",138.125870725709,9,"yes",9
2,"Travis Kelce","Travis Kelce (TE, KCC)","TE","KCC",175.880289181052,47,"no",17
3,"Zach Ertz","Zach Ertz (TE, PHI)","TE","PHI",160.367055136315,37,"yes",37
11,"Jordan Reed","Jordan Reed (TE, WAS)","TE","WAS",120.604851834183,4,"yes",4
64,"Dion Sims","Dion Sims (TE, CHI)","TE","CHI",28.3414444444444,1,"yes",1
16,"Tyler Eifert","Tyler Eifert (TE, CIN)","TE","CIN",103.691919893683,1,"yes",1
93,"Gavin Escobar","Gavin Escobar (TE, MIA)","TE","MIA",15.4242666666667,1,"yes",1
66,"Levine Toilolo","Levine Toilolo (TE, DET)","TE","DET",26.5582393939394,1,"yes",1
20,"Vance McDonald","Vance McDonald (TE, PIT)","TE","PIT",99.7023688604657,1,"yes",1
67,"Darren Fells","Darren Fells (TE, CLE)","TE","CLE",25.833625,1,"yes",1
229,"Fozzy Whittaker","Fozzy Whittaker (RB, CAR)","RB","CAR",0,1,"yes",1
134,"Ifeanyi Momah","Ifeanyi Momah (TE, ARI)","TE","ARI",1.95,1,"yes",1
104,"Kyle Juszczyk","Kyle Juszczyk (RB, SFO)","RB","SFO",52.1515714285714,1,"yes",1
28,"Luke Willson","Luke Willson (TE, DET)","TE","DET",69.9776394108981,1,"yes",1
24,"Caleb Sturgis","Caleb Sturgis (K, LAC)","K","LAC",113.509454372609,1,"yes",1
27,"Dustin Hopkins","Dustin Hopkins (K, WAS)","K","WAS",109.189477445257,1,"yes",1
66,"Latavius Murray","Latavius Murray (RB, MIN)","RB","MIN",93.3939907077471,1,"yes",1
101,"Ryan Griffin","Ryan Griffin (TE, HOU)","QB","HOU",-0.396,1,"yes",1
32,"Ryan Griffin","Ryan Griffin (TE, HOU)","TE","HOU",61.0132976939203,1,"yes",1
101,"Brice Butler","Brice Butler (WR, ARI)","WR","ARI",61.571700927357,1,"yes",1
222,"Tommy Bohanon","Tommy Bohanon (RB, JAC)","RB","JAC",2.5645,1,"yes",1
225,"Charles Johnson","Charles Johnson (WR, NYJ)","WR","NYJ",8.46666666666667,1,"yes",1
135,"Benny Cunningham","Benny Cunningham (RB, CHI)","RB","CHI",29.0412857142857,1,"yes",1
78,"MarQueis Gray","MarQueis Gray (TE, MIA)","TE","MIA",20.4092479079498,1,"yes",1
95,"Ryan Griffin","Ryan Griffin (QB, TBB)","QB","TBB",0.934666666666667,1,"yes",1
54,"Demetrius Harris","Demetrius Harris (TE, KCC)","TE","KCC",36.8182222222222,1,"yes",1
57,"C.J. Anderson","C.J. Anderson (RB, CAR)","RB","CAR",107.505331619451,1,"yes",1
99,"Jaron Brown","Jaron Brown (WR, SEA)","WR","SEA",67.5118888888889,1,"yes",1
97,"Matt McGloin","Matt McGloin (QB, KCC)","QB","KCC",0.199,1,"yes",1
178,"Zach Line","Zach Line (RB, NOS)","RB","NOS",8.95725,1,"yes",1
260,"Marlon Brown","Marlon Brown (WR, CHI)","WR","CHI",0,1,"yes",1
10,"Jack Doyle","Jack Doyle (TE, IND)","TE","IND",123.014064299934,3,"yes",3
217,"Derrick Coleman","Derrick Coleman (RB, ARI)","RB","ARI",3.24475,1,"yes",1
110,"Tim Wright","Tim Wright (TE, KCC)","TE","KCC",9.449,1,"yes",1
59,"Josh Hill","Josh Hill (TE, NOS)","TE","NOS",32.7671542588867,1,"yes",1
244,"Brittan Golden","Brittan Golden (WR, ARI)","WR","ARI",6.17,1,"yes",1
212,"Nick Williams","Nick Williams (WR, TEN)","WR","TEN",10.4004166666667,1,"yes",1
56,"Teddy Bridgewater","Teddy Bridgewater (QB, NOS)","QB","NOS",12.1393,1,"yes",1
20,"Blake Bortles","Blake Bortles (QB, JAC)","QB","JAC",248.469186666667,1,"yes",1
41,"A.J. McCarron","A.J. McCarron (QB, BUF)","QB","BUF",60.83745,1,"yes",1
23,"Derek Carr","Derek Carr (QB, OAK)","QB","OAK",240.9461,1,"yes",1
99,"Logan Thomas","Logan Thomas (TE, BUF)","TE","BUF",13.8081428571429,1,"yes",1
71,"Tom Savage","Tom Savage (QB, NOS)","QB","NOS",6.80241428571429,1,"yes",1
99,"Jeremy Hill","Jeremy Hill (RB, NEP)","RB","NEP",55.866125,1,"yes",1
212,"Charles Sims","Charles Sims (RB, TBB)","RB","TBB",3.83,1,"yes",1
33,"Carlos Hyde","Carlos Hyde (RB, CLE)","RB","CLE",148.118136408045,7,"yes",7
169,"De'Anthony Thomas","De'Anthony Thomas (WR, KCC)","RB","KCC",11.5715,1,"yes",1
187,"De'Anthony Thomas","De'Anthony Thomas (WR, KCC)","WR","KCC",13.6269236947791,1,"yes",1
12,"Devonta Freeman","Devonta Freeman (RB, ATL)","RB","ATL",213.045552681821,53,"yes",53
44,"Isaiah Crowell","Isaiah Crowell (RB, NYJ)","RB","NYJ",128.878538476367,12,"yes",12
38,"Sammy Watkins","Sammy Watkins (WR, KCC)","WR","KCC",144.883625171877,9,"yes",9
9,"Mike Evans","Mike Evans (WR, TBB)","WR","TBB",203.295566920837,49,"yes",49
260,"Marqise Lee","Marqise Lee (WR, JAC)","WR","JAC",0,1,"yes",1
47,"Kelvin Benjamin","Kelvin Benjamin (WR, BUF)","WR","BUF",132.424721870146,4,"yes",4
23,"Brandin Cooks","Brandin Cooks (WR, LAR)","WR","LAR",166.346268620575,24,"yes",24
6,"Davante Adams","Davante Adams (WR, GBP)","WR","GBP",213.610598777703,52,"yes",52
72,"Donte Moncrief","Donte Moncrief (WR, JAC)","WR","JAC",100.503188637601,1,"yes",1
21,"Allen Robinson","Allen Robinson (WR, CHI)","WR","CHI",172.429396946113,32,"yes",32
2,"Odell Beckham","Odell Beckham (WR, NYG)","WR","NYG",240.573009044901,66,"yes",66
18,"Jarvis Landry","Jarvis Landry (WR, CLE)","WR","CLE",178.958905439774,28,"yes",28
66,"Paul Richardson","Paul Richardson (WR, WAS)","WR","WAS",108.487287588373,3,"yes",3
114,"T.J. Jones","T.J. Jones (WR, DET)","WR","DET",48.896596277738,1,"yes",1
63,"Martavis Bryant","Martavis Bryant (WR, OAK)","WR","OAK",113.110472872808,1,"yes",1
102,"Bruce Ellington","Bruce Ellington (WR, HOU)","WR","HOU",61.1923917026836,1,"yes",1
15,"Eric Ebron","Eric Ebron (TE, IND)","TE","IND",104.870899811133,1,"yes",1
96,"Jace Amaro","Jace Amaro (TE, KCC)","TE","KCC",14.7018742073693,1,"yes",1
19,"Austin Seferian-Jenkins","Austin Seferian-Jenkins (TE, JAC)","TE","JAC",99.7693669803191,1,"yes",1
113,"Xavier Grimble","Xavier Grimble (TE, PIT)","TE","PIT",8.46816666666667,1,"yes",1
9,"Trey Burton","Trey Burton (TE, CHI)","TE","CHI",124.682882696013,2,"yes",2
50,"James White","James White (RB, NEP)","RB","NEP",123.783525909535,4,"yes",4
122,"Brandon Coleman","Brandon Coleman (WR, NOS)","WR","NOS",42.06,1,"yes",1
111,"Cody Latimer","Cody Latimer (WR, NYG)","WR","NYG",54.3433334548696,1,"yes",1
12,"Jimmy Garoppolo","Jimmy Garoppolo (QB, SFO)","QB","SFO",266.880786666667,1,"yes",1
15,"Jerick McKinnon","Jerick McKinnon (RB, SFO)","RB","SFO",195.210755010036,45,"yes",45
67,"John Brown","John Brown (WR, BAL)","WR","BAL",108.149031812108,1,"yes",1
65,"Richard Rodgers","Richard Rodgers (TE, PHI)","TE","PHI",26.8019940476191,1,"yes",1
70,"Ryan Grant","Ryan Grant (WR, IND)","WR","IND",103.588092973613,1,"yes",1
107,"Alfred Blue","Alfred Blue (RB, HOU)","RB","HOU",47.5216666666667,1,"yes",1
62,"David Fales","David Fales (QB, MIA)","QB","MIA",9.89655,1,"yes",1
71,"Quincy Enunwa","Quincy Enunwa (WR, NYJ)","WR","NYJ",103.241142341785,1,"yes",1
190,"Jay Prosch","Jay Prosch (RB, HOU)","RB","HOU",7.4928,1,"yes",1
87,"Garrett Gilbert","Garrett Gilbert (QB, CAR)","QB","CAR",2.82013333333333,1,"yes",1
238,"Michael Campanaro","Michael Campanaro (WR, TEN)","WR","TEN",7.15916666666667,1,"yes",1
237,"Jeff Janis","Jeff Janis (WR, CLE)","WR","CLE",7.23506666666667,1,"yes",1
149,"Damien Williams","Damien Williams (RB, KCC)","RB","KCC",23.18125,1,"yes",1
82,"Albert Wilson","Albert Wilson (WR, MIA)","WR","MIA",93.0102688871143,1,"yes",1
206,"David Fluellen","David Fluellen (RB, TEN)","RB","TEN",4.25842857142857,1,"yes",1
131,"Kapri Bibbs","Kapri Bibbs (RB, WAS)","RB","WAS",29.7484,1,"yes",1
76,"Erik Swoope","Erik Swoope (TE, IND)","TE","IND",22.9284011544012,1,"yes",1
54,"Allen Hurns","Allen Hurns (WR, DAL)","WR","DAL",124.433738223735,3,"yes",3
207,"Ryan Hewitt","Ryan Hewitt (RB, CIN)","RB","CIN",4.1765,1,"yes",1
133,"Ryan Hewitt","Ryan Hewitt (RB, CIN)","TE","CIN",3.23916666666667,1,"yes",1
156,"Bennie Fowler","Bennie Fowler (WR, CHI)","WR","CHI",24.7802666666667,1,"yes",1
5,"Chris Boswell","Chris Boswell (K, PIT)","K","PIT",146.321575899471,1,"yes",1
15,"Adam Thielen","Adam Thielen (WR, MIN)","WR","MIN",180.687649651968,41,"yes",41
21,"Brandon McManus","Brandon McManus (K, DEN)","K","DEN",116.639309552104,1,"yes",1
100,"Willie Snead","Willie Snead (WR, BAL)","WR","BAL",66.3616875052306,1,"yes",1
20,"Chandler Catanzaro","Chandler Catanzaro (K, TBB)","K","TBB",117.795598514417,1,"yes",1
218,"Senorise Perry","Senorise Perry (RB, MIA)","RB","MIA",3.22333333333333,1,"yes",1
26,"Cody Parkey","Cody Parkey (K, CHI)","K","CHI",111.261487589868,1,"yes",1
247,"Corey Brown","Corey Brown (WR, DEN)","WR","DEN",5.4,1,"yes",1
92,"Taylor Gabriel","Taylor Gabriel (WR, CHI)","WR","CHI",75.2304366536711,1,"yes",1
194,"Fitzgerald Toussaint","Fitzgerald Toussaint (RB, PIT)","RB","PIT",7.0705,1,"yes",1
187,"Keith Smith","Keith Smith (RB, OAK)","RB","OAK",7.8407,1,"yes",1
201,"Freddie Martino","Freddie Martino (WR, TBB)","WR","TBB",11.3643333333333,1,"yes",1
146,"Charcandrick West","Charcandrick West (RB, NYJ)","RB","NYJ",23.525625,1,"yes",1
17,"Cameron Brate","Cameron Brate (TE, TBB)","TE","TBB",102.538320139453,1,"yes",1
29,"Jameis Winston","Jameis Winston (QB, TBB)","QB","TBB",214.902146666667,1,"yes",1
17,"Marcus Mariota","Marcus Mariota (QB, TEN)","QB","TEN",257.923813333333,1,"yes",1
60,"Brett Hundley","Brett Hundley (QB, SEA)","QB","SEA",10.0449714285714,1,"yes",1
61,"Bryce Petty","Bryce Petty (QB, MIA)","QB","MIA",9.96,1,"yes",1
83,"Sean Mannion","Sean Mannion (QB, LAR)","QB","LAR",3.77888571428571,1,"yes",1
99,"Garrett Grayson","Garrett Grayson (QB, ATL)","QB","ATL",0,1,"yes",1
1,"Todd Gurley","Todd Gurley (RB, LAR)","RB","LAR",313.375873345694,75,"no",61
7,"Melvin Gordon","Melvin Gordon (RB, LAC)","RB","LAC",245.545135365259,60,"yes",60
31,"Tevin Coleman","Tevin Coleman (RB, ATL)","RB","ATL",153.232288513224,11,"yes",11
73,"T.J. Yeldon","T.J. Yeldon (RB, JAC)","RB","JAC",87.9867777777778,1,"yes",1
22,"Jay Ajayi","Jay Ajayi (RB, PHI)","RB","PHI",170.717554292958,21,"yes",21
110,"Ameer Abdullah","Ameer Abdullah (RB, DET)","RB","DET",45.1001111111111,1,"yes",1
224,"Jeremy Langford","Jeremy Langford (RB, MIA)","RB","MIA",2.31933333333333,1,"yes",1
37,"Duke Johnson","Duke Johnson (RB, CLE)","RB","CLE",138.671908410503,13,"yes",13
63,"Javorius Allen","Javorius Allen (RB, BAL)","RB","BAL",97.5968888888889,1,"yes",1
152,"Cameron Artis-Payne","Cameron Artis-Payne (RB, CAR)","RB","CAR",21.0611964285714,1,"yes",1
215,"Matt Jones","Matt Jones (RB, PHI)","RB","PHI",3.61866666666667,1,"yes",1
132,"Mike Davis","Mike Davis (RB, SEA)","RB","SEA",29.709,1,"yes",1
211,"Terrence Magee","Terrence Magee (RB, ATL)","RB","ATL",3.9505,1,"yes",1
137,"Thomas Rawls","Thomas Rawls (RB, NYJ)","RB","NYJ",28.466190695361,1,"yes",1
2,"David Johnson","David Johnson (RB, ARI)","RB","ARI",295.788477911341,74,"no",60
13,"Amari Cooper","Amari Cooper (WR, OAK)","WR","OAK",185.072750566712,30,"no",23
44,"DeVante Parker","DeVante Parker (WR, MIA)","WR","MIA",136.633986100941,4,"yes",4
104,"Kevin White","Kevin White (WR, CHI)","WR","CHI",60.8251405477899,1,"yes",1
185,"Sammie Coates","Sammie Coates (WR, HOU)","WR","HOU",14.1300746606335,1,"yes",1
39,"Nelson Agholor","Nelson Agholor (WR, PHI)","WR","PHI",144.772758921831,3,"yes",3
260,"Rashad Greene","Rashad Greene (WR, JAC)","WR","JAC",0,1,"yes",1
36,"Jamison Crowder","Jamison Crowder (WR, WAS)","WR","WAS",146.702070453322,5,"yes",5
123,"Justin Hardy","Justin Hardy (WR, ATL)","WR","ATL",40.6589762275344,1,"yes",1
12,"Stefon Diggs","Stefon Diggs (WR, MIN)","WR","MIN",186.186788291863,39,"yes",39
61,"Tyler Lockett","Tyler Lockett (WR, SEA)","WR","SEA",114.905985992652,3,"yes",3
105,"Phillip Dorsett","Phillip Dorsett (WR, NEP)","WR","NEP",59.710244581337,1,"yes",1
260,"Dres Anderson","Dres Anderson (WR, IND)","WR","IND",0,1,"yes",1
136,"Vince Mayle","Vince Mayle (TE, BAL)","TE","BAL",0,1,"yes",1
255,"Vince Mayle","Vince Mayle (TE, BAL)","WR","BAL",0.143,1,"yes",1
141,"Breshad Perriman","Breshad Perriman (WR, BAL)","WR","BAL",32.1443161572052,1,"yes",1
260,"DeAndre Smelter","DeAndre Smelter (WR, JAC)","WR","JAC",0,1,"yes",1
27,"Devin Funchess","Devin Funchess (WR, CAR)","WR","CAR",155.487128597634,8,"yes",8
73,"Maxx Williams","Maxx Williams (TE, BAL)","TE","BAL",23.4804062746737,1,"yes",1
51,"Nick O'Leary","Nick O'Leary (TE, BUF)","TE","BUF",40.188,1,"yes",1
48,"Jeff Heuerman","Jeff Heuerman (TE, DEN)","TE","DEN",44.8563333333333,1,"yes",1
90,"Ben Koyack","Ben Koyack (TE, JAC)","TE","JAC",16.1429739336493,1,"yes",1
52,"Clive Walford","Clive Walford (TE, NYJ)","TE","NYJ",38.5351428571429,1,"yes",1
39,"Jesse James","Jesse James (TE, PIT)","TE","PIT",55.0990733606514,1,"yes",1
36,"Tyler Kroft","Tyler Kroft (TE, CIN)","TE","CIN",59.1377142878017,1,"yes",1
126,"Blake Bell","Blake Bell (TE, MIN)","TE","MIN",6.36090204081633,1,"yes",1
112,"Chris Conley","Chris Conley (WR, KCC)","WR","KCC",54.1630753474233,1,"yes",1
116,"Tre McBride","Tre McBride (WR, NYJ)","WR","NYJ",46.6164604261116,1,"yes",1
64,"Ty Montgomery","Ty Montgomery (RB, GBP)","RB","GBP",97.2802222222222,3,"yes",3
136,"Darren Waller","Darren Waller (TE, BAL)","TE","BAL",0,1,"yes",1
153,"Zach Zenner","Zach Zenner (RB, DET)","RB","DET",21.04525,1,"yes",1
181,"Jalston Fowler","Jalston Fowler (RB, ATL)","RB","ATL",8.52766666666667,1,"yes",1
119,"MyCole Pruitt","MyCole Pruitt (TE, HOU)","TE","HOU",7.63433333333333,1,"yes",1
98,"C.J. Uzomah","C.J. Uzomah (TE, CIN)","TE","CIN",14.235689690027,1,"yes",1
94,"J.J. Nelson","J.J. Nelson (WR, ARI)","WR","ARI",73.9384101220342,1,"yes",1
191,"Michael Burton","Michael Burton (RB, CHI)","RB","CHI",7.3118,1,"yes",1
57,"Nick Boyle","Nick Boyle (TE, BAL)","TE","BAL",35.885476806904,1,"yes",1
81,"James O'Shaughnessy","James O'Shaughnessy (TE, JAC)","TE","JAC",19.2807465667915,1,"yes",1
206,"Kaelin Clay","Kaelin Clay (WR, BUF)","WR","BUF",10.8567,1,"yes",1
233,"Geremy Davis","Geremy Davis (WR, LAC)","WR","LAC",7.4104,1,"yes",1
135,"Randall Telfer","Randall Telfer (TE, IND)","TE","IND",1.69,1,"yes",1
56,"A.J. Derby","A.J. Derby (TE, MIA)","TE","MIA",36.1118888888889,1,"yes",1
158,"Aaron Ripkowski","Aaron Ripkowski (RB, GBP)","RB","GBP",17.1831666666667,1,"yes",1
69,"Neal Sterling","Neal Sterling (TE, NYJ)","TE","NYJ",24.2504886140797,1,"yes",1
147,"Marcus Murphy","Marcus Murphy (RB, BUF)","RB","BUF",23.3818571428571,1,"yes",1
58,"Geoff Swaim","Geoff Swaim (TE, DAL)","TE","DAL",33.7774912891986,1,"yes",1
59,"Trevor Siemian","Trevor Siemian (QB, MIN)","QB","MIN",10.4338428571429,1,"yes",1
121,"Malcolm Brown","Malcolm Brown (RB, LAR)","RB","LAR",35.391875,1,"yes",1
229,"Terrell Watson","Terrell Watson (RB, LAC)","RB","LAC",0,1,"yes",1
52,"Tyrell Williams","Tyrell Williams (WR, LAC)","WR","LAC",125.001985181718,1,"yes",1
165,"Jordan Taylor","Jordan Taylor (WR, DEN)","WR","DEN",19.2088666666667,1,"yes",1
103,"Corey Grant","Corey Grant (RB, JAC)","RB","JAC",52.7622222222222,1,"yes",1
11,"Josh Lambo","Josh Lambo (K, JAC)","K","JAC",131.400223361306,1,"yes",1
259,"Jordan Leslie","Jordan Leslie (WR, DEN)","WR","DEN",0.001,1,"yes",1
208,"DeAndrew White","DeAndrew White (WR, HOU)","WR","HOU",10.8123333333333,1,"yes",1
207,"Kasen Williams","Kasen Williams (WR, IND)","WR","IND",10.83,1,"yes",1
32,"Jason Myers","Jason Myers (K, NYJ)","K","NYJ",92.4586769298049,1,"yes",1
260,"Lucky Whitehead","Lucky Whitehead (WR, NYJ)","WR","NYJ",0,1,"yes",1
256,"Jake Kumerow","Jake Kumerow (WR, GBP)","WR","GBP",0.0516666666666667,1,"yes",1
89,"Rod Smith","Rod Smith (RB, DAL)","RB","DAL",65.1665615326772,1,"yes",1
184,"Raheem Mostert","Raheem Mostert (RB, SFO)","RB","SFO",8.116,1,"yes",1
223,"Shane Wynn","Shane Wynn (WR, JAC)","WR","JAC",9.1315,1,"yes",1
167,"Damiere Byrd","Damiere Byrd (WR, CAR)","WR","CAR",18.8708166666667,1,"yes",1
60,"Cameron Meredith","Cameron Meredith (WR, NOS)","WR","NOS",115.644610802596,3,"yes",3
106,"Seth Roberts","Seth Roberts (WR, OAK)","WR","OAK",59.631375,1,"yes",1
261,"Bradley Marquez","Bradley Marquez (WR, DET)","WR","DET",-0.004,1,"yes",1
93,"Taylor Heinicke","Taylor Heinicke (QB, CAR)","QB","CAR",1.04233333333333,1,"yes",1
108,"Gabe Holmes","Gabe Holmes (TE, ARI)","TE","ARI",9.90684090909091,1,"yes",1
86,"Adam Humphries","Adam Humphries (WR, TBB)","WR","TBB",83.6686988257509,1,"yes",1
86,"Will Tye","Will Tye (TE, NEP)","TE","NEP",17.1695,1,"yes",1
220,"Quan Bray","Quan Bray (WR, HOU)","WR","HOU",9.47716666666667,1,"yes",1
111,"Daniel Brown","Daniel Brown (TE, CHI)","TE","CHI",9.24752380952381,1,"yes",1
260,"Darius Jennings","Darius Jennings (WR, TEN)","WR","TEN",0,1,"yes",1
136,"Matt LaCosse","Matt LaCosse (TE, DEN)","TE","DEN",0,1,"yes",1
7,"Carson Wentz","Carson Wentz (QB, PHI)","QB","PHI",275.381326666667,6,"yes",6
16,"Jared Goff","Jared Goff (QB, LAR)","QB","LAR",260.249553333333,1,"yes",1
80,"Paxton Lynch","Paxton Lynch (QB, DEN)","QB","DEN",5.3024,1,"yes",1
64,"Connor Cook","Connor Cook (QB, OAK)","QB","OAK",9.3041,1,"yes",1
99,"Christian Hackenberg","Christian Hackenberg (QB, PHI)","QB","PHI",0,1,"yes",1
84,"Cardale Jones","Cardale Jones (QB, LAC)","QB","LAC",3.576,1,"yes",1
52,"Jacoby Brissett","Jacoby Brissett (QB, IND)","QB","IND",23.1293777777778,1,"yes",1
85,"Cody Kessler","Cody Kessler (QB, JAC)","QB","JAC",3.46231666666667,1,"yes",1
79,"Kevin Hogan","Kevin Hogan (QB, WAS)","QB","WAS",5.33276,1,"yes",1
18,"Dak Prescott","Dak Prescott (QB, DAL)","QB","DAL",257.314046666667,1,"yes",1
99,"Brandon Allen","Brandon Allen (QB, LAR)","QB","LAR",0,1,"yes",1
94,"Jeff Driskel","Jeff Driskel (QB, CIN)","QB","CIN",1.028,1,"yes",1
4,"Ezekiel Elliott","Ezekiel Elliott (RB, DAL)","RB","DAL",275.204005298133,73,"yes",73
24,"Derrick Henry","Derrick Henry (RB, TEN)","RB","TEN",167.002872402879,23,"yes",23
101,"C.J. Prosise","C.J. Prosise (RB, SEA)","RB","SEA",54.8998761308406,1,"yes",1
19,"Alex Collins","Alex Collins (RB, BAL)","RB","BAL",180.504103688249,22,"yes",22
54,"Devontae Booker","Devontae Booker (RB, DEN)","RB","DEN",114.302333333333,1,"yes",1
18,"Kenyan Drake","Kenyan Drake (RB, MIA)","RB","MIA",182.809932431368,26,"yes",26
185,"Paul Perkins","Paul Perkins (RB, NYG)","RB","NYG",8.0425,1,"yes",1
85,"Kenneth Dixon","Kenneth Dixon (RB, BAL)","RB","BAL",69.0141543538143,1,"yes",1
14,"Jordan Howard","Jordan Howard (RB, CHI)","RB","CHI",196.528975931424,38,"yes",38
130,"Jonathan Williams","Jonathan Williams (RB, NOS)","RB","NOS",29.749625,1,"yes",1
140,"Wendell Smallwood","Wendell Smallwood (RB, PHI)","RB","PHI",25.9917142857143,1,"yes",1
42,"Peyton Barber","Peyton Barber (RB, TBB)","RB","TBB",130.529974954342,3,"yes",3
160,"Tyler Ervin","Tyler Ervin (RB, HOU)","RB","HOU",16.9782857142857,1,"yes",1
173,"Tyler Ervin","Tyler Ervin (RB, HOU)","WR","HOU",16.8,1,"yes",1
229,"Josh Ferguson","Josh Ferguson (RB, IND)","RB","IND",0,1,"yes",1
225,"Tre Madden","Tre Madden (RB, SEA)","RB","SEA",2.10433333333333,1,"yes",1
117,"Laquon Treadwell","Laquon Treadwell (WR, MIN)","WR","MIN",45.808218575419,1,"yes",1
85,"Corey Coleman","Corey Coleman (WR, BUF)","WR","BUF",85.6550612583531,1,"yes",1
40,"Will Fuller","Will Fuller (WR, HOU)","WR","HOU",142.401486812071,7,"yes",7
50,"Josh Doctson","Josh Doctson (WR, WAS)","WR","WAS",127.69700382096,4,"yes",4
132,"Roger Lewis","Roger Lewis (WR, NYG)","WR","NYG",35.4195,1,"yes",1
96,"Tyler Boyd","Tyler Boyd (WR, CIN)","WR","CIN",73.4576137780549,1,"yes",1
126,"Braxton Miller","Braxton Miller (WR, HOU)","WR","HOU",37.9923286983391,1,"yes",1
5,"Michael Thomas","Michael Thomas (WR, NOS)","WR","NOS",224.587301302173,59,"yes",59
188,"Leonte Carroo","Leonte Carroo (WR, MIA)","WR","MIA",13.5691666666667,1,"yes",1
121,"Rashard Higgins","Rashard Higgins (WR, CLE)","WR","CLE",43.1385241369919,1,"yes",1
135,"Tajae Sharpe","Tajae Sharpe (WR, TEN)","WR","TEN",34.0931201885632,1,"yes",1
42,"Sterling Shepard","Sterling Shepard (WR, NYG)","WR","NYG",139.06995895296,4,"yes",4
176,"Pharoh Cooper","Pharoh Cooper (WR, LAR)","WR","LAR",16.08725,1,"yes",1
229,"Aaron Burbridge","Aaron Burbridge (WR, SFO)","WR","SFO",7.84533333333333,1,"yes",1
75,"Geronimo Allison","Geronimo Allison (WR, GBP)","WR","GBP",96.0658600746426,1,"yes",1
257,"Demarcus Ayers","Demarcus Ayers (WR, CHI)","WR","CHI",0.004,1,"yes",1
260,"Daniel Braverman","Daniel Braverman (WR, KCC)","WR","KCC",0,1,"yes",1
195,"Charone Peake","Charone Peake (WR, NYJ)","WR","NYJ",12.1116666666667,1,"yes",1
137,"Devon Cajuste","Devon Cajuste (TE, CLE)","TE","CLE",-0.08,1,"yes",1
224,"Mike Thomas","Mike Thomas (WR, LAR)","WR","LAR",9.0654,1,"yes",1
136,"Hunter Henry","Hunter Henry (TE, LAC)","TE","LAC",0,1,"yes",1
23,"Austin Hooper","Austin Hooper (TE, ATL)","TE","ATL",95.5836259857291,1,"yes",1
31,"Tyler Higbee","Tyler Higbee (TE, LAR)","TE","LAR",62.7177302798742,1,"yes",1
137,"Bryce Williams","Bryce Williams (TE, ARI)","TE","ARI",-0.08,1,"yes",1
38,"Nick Vannett","Nick Vannett (TE, SEA)","TE","SEA",56.0671935401265,1,"yes",1
91,"Jerell Adams","Jerell Adams (TE, NYG)","TE","NYG",15.7826004901961,1,"yes",1
136,"Kyle Carter","Kyle Carter (TE, SEA)","TE","SEA",0,1,"yes",1
232,"Austin Johnson","Austin Johnson (DT, TEN)","RB","TEN",-0.2,1,"yes",1
31,"Roberto Aguayo","Roberto Aguayo (K, LAC)","K","LAC",99.2297185608079,1,"yes",1
158,"Eli Rogers","Eli Rogers (WR, PIT)","WR","PIT",24.0740909090909,1,"yes",1
148,"Chris Moore","Chris Moore (WR, BAL)","WR","BAL",28.6373963414634,1,"yes",1
169,"Ricardo Louis","Ricardo Louis (WR, CLE)","WR","CLE",17.75,1,"yes",1
159,"Demarcus Robinson","Demarcus Robinson (WR, KCC)","WR","KCC",23.3090833333333,1,"yes",1
49,"Seth DeValve","Seth DeValve (TE, CLE)","TE","CLE",42.9205526976161,1,"yes",1
134,"Seth DeValve","Seth DeValve (TE, CLE)","WR","CLE",34.912,1,"yes",1
179,"Trevor Davis","Trevor Davis (WR, GBP)","WR","GBP",15.5319474343754,1,"yes",1
10,"Tyreek Hill","Tyreek Hill (WR, KCC)","WR","KCC",196.41711879745,36,"yes",36
172,"Andy Janovich","Andy Janovich (RB, DEN)","RB","DEN",10.9675333333333,1,"yes",1
123,"Temarrick Hemingway","Temarrick Hemingway (TE, LAR)","TE","LAR",7.0684,1,"yes",1
143,"Jakeem Grant","Jakeem Grant (WR, MIA)","WR","MIA",30.6563314211695,1,"yes",1
92,"Nate Sudfeld","Nate Sudfeld (QB, PHI)","QB","PHI",1.592,1,"yes",1
80,"David Morgan","David Morgan (TE, MIN)","TE","MIN",19.3700396825397,1,"yes",1
77,"Jake Rudock","Jake Rudock (QB, DET)","QB","DET",5.5724,1,"yes",1
213,"Dan Vitale","Dan Vitale (RB, CLE)","RB","CLE",3.7994,1,"yes",1
189,"Derek Watt","Derek Watt (RB, LAC)","RB","LAC",7.544,1,"yes",1
191,"Cody Core","Cody Core (WR, CIN)","WR","CIN",13.218,1,"yes",1
231,"Darius Jackson","Darius Jackson (RB, DAL)","RB","DAL",-0.185,1,"yes",1
68,"Rico Gathers","Rico Gathers (TE, DAL)","TE","DAL",24.3516108815427,1,"yes",1
260,"Devin Lucien","Devin Lucien (WR, NEP)","WR","NEP",0,1,"yes",1
167,"Dwayne Washington","Dwayne Washington (RB, DET)","RB","DET",13.9392833333333,1,"yes",1
123,"DeAndre Washington","DeAndre Washington (RB, OAK)","RB","OAK",35.24125,1,"yes",1
42,"Stephen Anderson","Stephen Anderson (TE, HOU)","TE","HOU",52.375,1,"yes",1
23,"Ka'imi Fairbairn","Ka'imi Fairbairn (K, HOU)","K","HOU",115.057751676112,1,"yes",1
196,"Byron Marshall","Byron Marshall (RB, WAS)","RB","WAS",6.84333333333333,1,"yes",1
217,"Byron Marshall","Byron Marshall (RB, WAS)","WR","WAS",9.768,1,"yes",1
202,"Brandon Wilds","Brandon Wilds (RB, JAC)","RB","JAC",5.50166666666667,1,"yes",1
124,"Ben Braunecker","Ben Braunecker (TE, CHI)","TE","CHI",6.98533333333333,1,"yes",1
229,"D.J. Foster","D.J. Foster (RB, ARI)","RB","ARI",0,1,"yes",1
190,"Andy Jones","Andy Jones (WR, DET)","WR","DET",13.2813576696165,1,"yes",1
138,"Hakeem Valles","Hakeem Valles (TE, DET)","TE","DET",-0.1,1,"yes",1
251,"Cayleb Jones","Cayleb Jones (WR, MIN)","WR","MIN",1.44,1,"yes",1
178,"Hunter Sharp","Hunter Sharp (WR, NYG)","WR","NYG",15.6993333333333,1,"yes",1
37,"Marshall Koehn","Marshall Koehn (K, NYG)","K","NYG",0.615,1,"yes",1
88,"Rob Kelley","Rob Kelley (RB, WAS)","RB","WAS",66.4918866409811,1,"yes",1
127,"Henry Krieger-Coble","Henry Krieger-Coble (TE, LAR)","TE","LAR",6.36066666666667,1,"yes",1
260,"Rashawn Scott","Rashawn Scott (WR, MIA)","WR","MIA",0,1,"yes",1
122,"Ross Travis","Ross Travis (TE, IND)","TE","IND",7.19682704402516,1,"yes",1
136,"Cole Wick","Cole Wick (TE, SFO)","TE","SFO",0,1,"yes",1
35,"Nick Rose","Nick Rose (K, HOU)","K","HOU",29.849504950495,1,"yes",1
171,"Mack Brown","Mack Brown (RB, MIN)","RB","MIN",11.2917666666667,1,"yes",1
98,"Jalen Richard","Jalen Richard (RB, OAK)","RB","OAK",55.9888888888889,1,"yes",1
198,"Alex Erickson","Alex Erickson (WR, CIN)","WR","CIN",11.9318154761905,1,"yes",1
164,"Johnny Holton","Johnny Holton (WR, OAK)","WR","OAK",19.2276785714286,1,"yes",1
219,"Maurice Harris","Maurice Harris (WR, WAS)","WR","WAS",9.50245887445888,1,"yes",1
181,"Tommylee Lewis","Tommylee Lewis (WR, NOS)","WR","NOS",15.3032,1,"yes",1
221,"C.J. Ham","C.J. Ham (RB, MIN)","RB","MIN",2.94006666666667,1,"yes",1
99,"Joe Callahan","Joe Callahan (QB, PHI)","QB","PHI",0,1,"yes",1
182,"Troymaine Pope","Troymaine Pope (RB, HOU)","RB","HOU",8.25883333333333,1,"yes",1
30,"Robby Anderson","Robby Anderson (WR, NYJ)","WR","NYJ",153.711534487391,6,"yes",6
230,"Jace Billingsley","Jace Billingsley (WR, DET)","WR","DET",7.75166666666667,1,"yes",1
87,"Chester Rogers","Chester Rogers (WR, IND)","WR","IND",79.4489124677355,1,"yes",1
260,"Tevaun Smith","Tevaun Smith (WR, JAC)","WR","JAC",0,1,"yes",1
242,"Bryce Treggs","Bryce Treggs (WR, PHI)","WR","PHI",6.794,1,"yes",1
197,"Tanner McEvoy","Tanner McEvoy (WR, SEA)","WR","SEA",11.9609166666667,1,"yes",1
83,"Braedon Bowman","Braedon Bowman (TE, LAC)","TE","LAC",17.9393666666667,1,"yes",1
125,"Chris Manhertz","Chris Manhertz (TE, CAR)","TE","CAR",6.93580769230769,1,"yes",1
7,"Wil Lutz","Wil Lutz (K, NOS)","K","NOS",142.197430394461,1,"yes",1
229,"Lawrence Thomas","Lawrence Thomas (RB, NYJ)","RB","NYJ",0,1,"yes",1
107,"Alan Cross","Alan Cross (TE, TBB)","TE","TBB",9.98741904761905,1,"yes",1
229,"Russell Hansbrough","Russell Hansbrough (RB, LAC)","RB","LAC",0,1,"yes",1
136,"Matt Lengel","Matt Lengel (TE, CLE)","TE","CLE",0,1,"yes",1
226,"Joe Kerridge","Joe Kerridge (RB, GBP)","RB","GBP",0.109,1,"yes",1
229,"Tra Carson","Tra Carson (RB, CIN)","RB","CIN",0,1,"yes",1
260,"Marquis Bundy","Marquis Bundy (WR, NYG)","WR","NYG",0,1,"yes",1
82,"Eric Tomlinson","Eric Tomlinson (TE, NYJ)","TE","NYJ",18.2468695335277,1,"yes",1
228,"Kalif Raymond","Kalif Raymond (WR, NYG)","WR","NYG",7.90279201680672,1,"yes",1
216,"Bronson Hill","Bronson Hill (RB, GBP)","RB","GBP",3.28866666666667,1,"yes",1
115,"J.D. McKissic","J.D. McKissic (RB, SEA)","RB","SEA",39.8555714285714,1,"yes",1
154,"J.D. McKissic","J.D. McKissic (RB, SEA)","WR","SEA",25.5374364304907,1,"yes",1
3,"Deshaun Watson","Deshaun Watson (QB, HOU)","QB","HOU",304.654153333333,6,"yes",6
55,"DeShone Kizer","DeShone Kizer (QB, GBP)","QB","GBP",15.8379916666667,1,"yes",1
28,"Mitchell Trubisky","Mitchell Trubisky (QB, CHI)","QB","CHI",227.069846666667,1,"yes",1
19,"Patrick Mahomes","Patrick Mahomes (QB, KCC)","QB","KCC",256.606693333333,1,"yes",1
99,"Brad Kaaya","Brad Kaaya (QB, IND)","QB","IND",0,1,"yes",1
84,"Joshua Dobbs","Joshua Dobbs (QB, PIT)","QB","PIT",3.576,1,"yes",1
70,"Davis Webb","Davis Webb (QB, NYG)","QB","NYG",6.86203333333333,1,"yes",1
82,"Chad Kelly","Chad Kelly (QB, DEN)","QB","DEN",4.4606,1,"yes",1
76,"Cooper Rush","Cooper Rush (QB, DAL)","QB","DAL",5.66383333333333,1,"yes",1
63,"C.J. Beathard","C.J. Beathard (QB, SFO)","QB","SFO",9.70983333333333,1,"yes",1
53,"Nathan Peterman","Nathan Peterman (QB, BUF)","QB","BUF",19.2008904761905,1,"yes",1
10,"Dalvin Cook","Dalvin Cook (RB, MIN)","RB","MIN",225.273697618075,64,"no",46
9,"Leonard Fournette","Leonard Fournette (RB, JAC)","RB","JAC",239.063156855776,61,"yes",61
11,"Christian McCaffrey","Christian McCaffrey (RB, CAR)","RB","CAR",219.551172620194,55,"yes",55
16,"Joe Mixon","Joe Mixon (RB, CIN)","RB","CIN",194.78726653707,44,"yes",44
5,"Alvin Kamara","Alvin Kamara (RB, NOS)","RB","NOS",266.422602021472,69,"yes",69
94,"Samaje Perine","Samaje Perine (RB, WAS)","RB","WAS",62.1215768687343,1,"yes",1
71,"D'Onta Foreman","D'Onta Foreman (RB, HOU)","RB","HOU",88.3448986000689,1,"yes",1
90,"Wayne Gallman","Wayne Gallman (RB, NYG)","RB","NYG",64.378,1,"yes",1
62,"Corey Clement","Corey Clement (RB, PHI)","RB","PHI",98.6314314720513,1,"yes",1
177,"Donnel Pumphrey","Donnel Pumphrey (RB, PHI)","RB","PHI",9.19666666666667,1,"yes",1
8,"Kareem Hunt","Kareem Hunt (RB, KCC)","RB","KCC",244.253414810101,65,"yes",65
34,"Jamaal Williams","Jamaal Williams (RB, GBP)","RB","GBP",146.338397284226,4,"yes",4
174,"Matthew Dayes","Matthew Dayes (RB, CLE)","RB","CLE",9.82766666666667,1,"yes",1
233,"Elijah Hood","Elijah Hood (RB, CAR)","RB","CAR",-0.647,1,"yes",1
163,"T.J. Logan","T.J. Logan (RB, ARI)","RB","ARI",14.9903333333333,1,"yes",1
150,"Jeremy McNichols","Jeremy McNichols (RB, SFO)","RB","SFO",23.1343333333333,1,"yes",1
105,"Elijah McGuire","Elijah McGuire (RB, NYJ)","RB","NYJ",50.751,1,"yes",1
109,"James Conner","James Conner (RB, PIT)","RB","PIT",46.1444161092649,1,"yes",1
192,"Dare Ogunbowale","Dare Ogunbowale (RB, TBB)","RB","TBB",7.16666666666667,1,"yes",1
188,"Justin Davis","Justin Davis (RB, LAR)","RB","LAR",7.7164,1,"yes",1
229,"Brandon Radcliff","Brandon Radcliff (RB, MIA)","RB","MIA",0,1,"yes",1
29,"Corey Davis","Corey Davis (WR, TEN)","WR","TEN",154.280256630558,10,"yes",10
68,"Mike Williams","Mike Williams (WR, LAC)","WR","LAC",106.16007451285,1,"yes",1
65,"John Ross","John Ross (WR, CIN)","WR","CIN",109.768082191163,1,"yes",1
14,"JuJu Smith-Schuster","JuJu Smith-Schuster (WR, PIT)","WR","PIT",181.553596679572,16,"yes",16
108,"Curtis Samuel","Curtis Samuel (WR, CAR)","WR","CAR",59.0855310380193,1,"yes",1
56,"Dede Westbrook","Dede Westbrook (WR, JAC)","WR","JAC",120.512865091557,1,"yes",1
260,"KD Cannon","KD Cannon (WR, DAL)","WR","DAL",0,1,"yes",1
260,"Malachi Dupre","Malachi Dupre (WR, BUF)","WR","BUF",0,1,"yes",1
260,"Artavis Scott","Artavis Scott (WR, LAC)","WR","LAC",0,1,"yes",1
260,"Isaiah Ford","Isaiah Ford (WR, MIA)","WR","MIA",0,1,"yes",1
69,"Chris Godwin","Chris Godwin (WR, TBB)","WR","TBB",103.834268719632,3,"yes",3
32,"Cooper Kupp","Cooper Kupp (WR, LAR)","WR","LAR",149.716375563722,5,"yes",5
210,"Ryan Switzer","Ryan Switzer (WR, PIT)","WR","PIT",10.600869047619,1,"yes",1
166,"Amara Darboh","Amara Darboh (WR, SEA)","WR","SEA",19.1202380952381,1,"yes",1
83,"Taywan Taylor","Taywan Taylor (WR, TEN)","WR","TEN",88.8221983015617,1,"yes",1
145,"Josh Reynolds","Josh Reynolds (WR, LAR)","WR","LAR",29.7914465229557,1,"yes",1
245,"Jehu Chesson","Jehu Chesson (WR, KCC)","WR","KCC",6.1145,1,"yes",1
227,"Shelton Gibson","Shelton Gibson (WR, PHI)","WR","PHI",7.98450803043111,1,"yes",1
131,"Carlos Henderson","Carlos Henderson (WR, DEN)","WR","DEN",35.61,1,"yes",1
243,"Noah Brown","Noah Brown (WR, DAL)","WR","DAL",6.53791666666667,1,"yes",1
163,"ArDarius Stewart","ArDarius Stewart (WR, NYJ)","WR","NYJ",19.2717619047619,1,"yes",1
260,"Fred Ross","Fred Ross (WR, CAR)","WR","CAR",0,1,"yes",1
89,"Zay Jones","Zay Jones (WR, BUF)","WR","BUF",77.0774494809544,1,"yes",1
194,"Stacy Coley","Stacy Coley (WR, MIN)","WR","MIN",12.2737,1,"yes",1
260,"Gehrig Dieter","Gehrig Dieter (WR, KCC)","WR","KCC",0,1,"yes",1
260,"Trey Griffey","Trey Griffey (WR, PIT)","WR","PIT",0,1,"yes",1
189,"Travis Rudolph","Travis Rudolph (WR, NYG)","WR","NYG",13.4491666666667,1,"yes",1
200,"Chad Hansen","Chad Hansen (WR, NYJ)","WR","NYJ",11.7486666666667,1,"yes",1
260,"Travin Dural","Travin Dural (WR, NOS)","WR","NOS",0,1,"yes",1
170,"DeAngelo Yancey","DeAngelo Yancey (WR, GBP)","WR","GBP",17.7066666666667,1,"yes",1
18,"O.J. Howard","O.J. Howard (TE, TBB)","TE","TBB",100.30023774566,1,"yes",1
5,"Evan Engram","Evan Engram (TE, NYG)","TE","NYG",145.945648747911,10,"yes",10
34,"Jake Butt","Jake Butt (TE, DEN)","TE","DEN",59.6207678066174,1,"yes",1
102,"Bucky Hodges","Bucky Hodges (TE, PIT)","TE","PIT",12.2086666666667,1,"yes",1
13,"David Njoku","David Njoku (TE, CLE)","TE","CLE",107.895388205292,2,"yes",2
46,"Jonnu Smith","Jonnu Smith (TE, TEN)","TE","TEN",46.5775524543518,1,"yes",1
105,"Jeremy Sprinkle","Jeremy Sprinkle (TE, WAS)","TE","WAS",11.044595,1,"yes",1
62,"Jordan Leggett","Jordan Leggett (TE, NYJ)","TE","NYJ",31.3144,1,"yes",1
89,"Michael Roberts","Michael Roberts (TE, DET)","TE","DET",16.2728955223881,1,"yes",1
35,"Marlon Mack","Marlon Mack (RB, IND)","RB","IND",142.500130321816,3,"yes",3
182,"Josh Malone","Josh Malone (WR, CIN)","WR","CIN",15.2278270181219,1,"yes",1
43,"Gerald Everett","Gerald Everett (TE, LAR)","TE","LAR",51.171445659755,1,"yes",1
164,"Joe Williams","Joe Williams (RB, SFO)","RB","SFO",14.75175,1,"yes",1
260,"Robert Davis","Robert Davis (WR, WAS)","WR","WAS",0,1,"yes",1
142,"Elijhaa Penny","Elijhaa Penny (RB, ARI)","RB","ARI",24.9069333333333,1,"yes",1
176,"Brian Hill","Brian Hill (RB, CIN)","RB","CIN",9.662,1,"yes",1
29,"Aldrick Rosas","Aldrick Rosas (K, NYG)","K","NYG",106.042816553709,1,"yes",1
129,"Mo Alie-Cox","Mo Alie-Cox (TE, IND)","TE","IND",6.13,1,"yes",1
44,"Adam Shaheen","Adam Shaheen (TE, CHI)","TE","CHI",48.5387958554771,1,"yes",1
51,"Kenny Golladay","Kenny Golladay (WR, DET)","WR","DET",125.769012630811,3,"yes",3
115,"Chad Williams","Chad Williams (WR, ARI)","WR","ARI",46.9131139651449,1,"yes",1
124,"Mack Hollins","Mack Hollins (WR, PHI)","WR","PHI",39.9600596846847,1,"yes",1
46,"Tarik Cohen","Tarik Cohen (RB, CHI)","RB","CHI",127.312274826745,5,"yes",5
12,"George Kittle","George Kittle (TE, SFO)","TE","SFO",110.436404214943,1,"yes",1
8,"Jake Elliott","Jake Elliott (K, PHI)","K","PHI",139.894372401764,1,"yes",1
221,"Isaiah McKenzie","Isaiah McKenzie (WR, DEN)","WR","DEN",9.23121428571429,1,"yes",1
92,"Eric Saubert","Eric Saubert (TE, ATL)","TE","ATL",15.7681111111111,1,"yes",1
95,"Trent Taylor","Trent Taylor (WR, SFO)","WR","SFO",73.6037827310358,1,"yes",1
72,"Aaron Jones","Aaron Jones (RB, GBP)","RB","GBP",88.1294681629542,1,"yes",1
203,"Alexander Armah","Alexander Armah (RB, CAR)","RB","CAR",5.352,1,"yes",1
129,"De'Angelo Henderson","De'Angelo Henderson (RB, DEN)","RB","DEN",29.957,1,"yes",1
30,"Zane Gonzalez","Zane Gonzalez (K, CLE)","K","CLE",101.799626134169,1,"yes",1
253,"David Moore","David Moore (WR, SEA)","WR","SEA",0.325333333333333,1,"yes",1
6,"Harrison Butker","Harrison Butker (K, KCC)","K","KCC",142.922353776134,1,"yes",1
204,"Devante Mays","Devante Mays (RB, GBP)","RB","GBP",5.11328571428571,1,"yes",1
220,"Marquez Williams","Marquez Williams (RB, CLE)","RB","CLE",2.9995,1,"yes",1
48,"Chris Carson","Chris Carson (RB, SEA)","RB","SEA",124.549181211664,5,"yes",5
121,"Mason Schreck","Mason Schreck (TE, CIN)","TE","CIN",7.3,1,"yes",1
226,"Austin Carr","Austin Carr (WR, NOS)","WR","NOS",8.08,1,"yes",1
136,"Cethan Carter","Cethan Carter (TE, CIN)","TE","CIN",0,1,"yes",1
260,"Krishawn Hogan","Krishawn Hogan (WR, IND)","WR","IND",0,1,"yes",1
235,"Tanner Gentry","Tanner Gentry (WR, CHI)","WR","CHI",7.31191666666667,1,"yes",1
260,"Amba Etta-Tawo","Amba Etta-Tawo (WR, NYG)","WR","NYG",0,1,"yes",1
246,"Victor Bolden","Victor Bolden (WR, SFO)","WR","SFO",6.06525,1,"yes",1
254,"Tim Patrick","Tim Patrick (WR, DEN)","WR","DEN",0.284666666666667,1,"yes",1
68,"Matt Breida","Matt Breida (RB, SFO)","RB","SFO",91.0414957802591,1,"yes",1
260,"Drew Morgan","Drew Morgan (WR, MIA)","WR","MIA",0,1,"yes",1
21,"Ricky Seals-Jones","Ricky Seals-Jones (TE, ARI)","TE","ARI",97.9689645550246,1,"yes",1
180,"Taquan Mizzell","Taquan Mizzell (RB, CHI)","RB","CHI",8.808,1,"yes",1
260,"Bug Howard","Bug Howard (WR, CAR)","WR","CAR",0,1,"yes",1
236,"Marcus Johnson","Marcus Johnson (WR, SEA)","WR","SEA",7.248,1,"yes",1
99,"Kyle Sloter","Kyle Sloter (QB, MIN)","QB","MIN",0,1,"yes",1
260,"Lance Lenoir","Lance Lenoir (WR, DAL)","WR","DAL",0,1,"yes",1
84,"Jacob Hollister","Jacob Hollister (TE, NEP)","TE","NEP",17.6277837967402,1,"yes",1
260,"Jamaal Jones","Jamaal Jones (WR, CAR)","WR","CAR",0,1,"yes",1
132,"Darrell Daniels","Darrell Daniels (TE, IND)","TE","IND",4.51691666666667,1,"yes",1
260,"Tim White","Tim White (WR, BAL)","WR","BAL",0,1,"yes",1
65,"Austin Ekeler","Austin Ekeler (RB, LAC)","RB","LAC",94.342171220672,1,"yes",1
260,"Quincy Adeboyejo","Quincy Adeboyejo (WR, BAL)","WR","BAL",0,1,"yes",1
186,"Michael Clark","Michael Clark (WR, GBP)","WR","GBP",14,1,"yes",1
136,"Tyrone Swoopes","Tyrone Swoopes (TE, SEA)","TE","SEA",0,1,"yes",1
49,"Keelan Cole","Keelan Cole (WR, JAC)","WR","JAC",129.441980850955,3,"yes",3
260,"Damore'ea Stringfellow","Damore'ea Stringfellow (WR, SEA)","WR","SEA",0,1,"yes",1
99,"Phillip Walker","Phillip Walker (QB, IND)","QB","IND",0,1,"yes",1
157,"Kendrick Bourne","Kendrick Bourne (WR, SFO)","WR","SFO",24.4088311160384,1,"yes",1
260,"Riley McCarron","Riley McCarron (WR, NEP)","WR","NEP",0,1,"yes",1
231,"Brandon Reilly","Brandon Reilly (WR, BUF)","WR","BUF",7.75,1,"yes",1
99,"Josh Woodrum","Josh Woodrum (QB, BAL)","QB","BAL",0,1,"yes",1
81,"Taysom Hill","Taysom Hill (QB, NOS)","QB","NOS",5.016,1,"yes",1
136,"Robert Tonyan","Robert Tonyan (TE, GBP)","TE","GBP",0,1,"yes",1
240,"Reggie Davis","Reggie Davis (WR, ATL)","WR","ATL",6.94333333333333,1,"yes",1
70,"Sean Culkin","Sean Culkin (TE, LAC)","TE","LAC",23.9788846153846,1,"yes",1
120,"Antony Auclair","Antony Auclair (TE, TBB)","TE","TBB",7.34514634146341,1,"yes",1
210,"Trey Edmunds","Trey Edmunds (RB, NOS)","RB","NOS",4,1,"yes",1
205,"Shane Smith","Shane Smith (RB, NYG)","RB","NYG",4.37516666666667,1,"yes",1
136,"Shane Smith","Shane Smith (RB, NYG)","TE","NYG",0,1,"yes",1
97,"Evan Baylis","Evan Baylis (TE, CAR)","TE","CAR",14.6664,1,"yes",1
260,"Zach Pascal","Zach Pascal (WR, IND)","WR","IND",0,1,"yes",1
260,"Marcus Kemp","Marcus Kemp (WR, KCC)","WR","KCC",0,1,"yes",1
204,"Marvin Hall","Marvin Hall (WR, ATL)","WR","ATL",10.9553394495413,1,"yes",1
216,"Jaydon Mickens","Jaydon Mickens (WR, JAC)","WR","JAC",9.8328,1,"yes",1
112,"Cole Hikutini","Cole Hikutini (TE, SFO)","TE","SFO",8.6289,1,"yes",1
218,"JoJo Natson","JoJo Natson (WR, LAR)","WR","LAR",9.66666666666667,1,"yes",1
79,"Austin Traylor","Austin Traylor (TE, DEN)","TE","DEN",20.0455532617671,1,"yes",1
260,"Carlton Agudosi","Carlton Agudosi (WR, ARI)","WR","ARI",0,1,"yes",1
215,"Bobo Wilson","Bobo Wilson (WR, TBB)","WR","TBB",10.2033333333333,1,"yes",1
260,"Isaac Whitney","Isaac Whitney (WR, OAK)","WR","OAK",0,1,"yes",1
36,"Sam Ficken","Sam Ficken (K, LAR)","K","LAR",5.85,1,"yes",1
202,"K.J. Brent","K.J. Brent (WR, IND)","WR","IND",11.2118333333333,1,"yes",1
136,"Emanuel Byrd","Emanuel Byrd (TE, GBP)","TE","GBP",0,1,"yes",1
260,"Brandon Zylstra","Brandon Zylstra (WR, MIN)","WR","MIN",0,1,"yes",1
37,"Josh Allen","Josh Allen (QB, BUF)","QB","BUF",143.506186666667,1,"yes",1
40,"Baker Mayfield","Baker Mayfield (QB, CLE)","QB","CLE",68.1963933333333,1,"yes",1
39,"Josh Rosen","Josh Rosen (QB, ARI)","QB","ARI",81.89428,1,"yes",1
33,"Sam Darnold","Sam Darnold (QB, NYJ)","QB","NYJ",158.61896,1,"yes",1
49,"Lamar Jackson","Lamar Jackson (QB, BAL)","QB","BAL",33.0292466666667,1,"yes",1
89,"Luke Falk","Luke Falk (QB, TEN)","QB","TEN",2,1,"yes",1
68,"Mason Rudolph","Mason Rudolph (QB, PIT)","QB","PIT",7.9988,1,"yes",1
99,"J.T. Barrett","J.T. Barrett (QB, NOS)","QB","NOS",0,1,"yes",1
96,"Mike White","Mike White (QB, DAL)","QB","DAL",0.604,1,"yes",1
91,"Tanner Lee","Tanner Lee (QB, JAC)","QB","JAC",1.978,1,"yes",1
99,"Kurt Benkert","Kurt Benkert (QB, ATL)","QB","ATL",0,1,"yes",1
90,"Kyle Lauletta","Kyle Lauletta (QB, NYG)","QB","NYG",1.988,1,"yes",1
229,"Quinton Flowers","Quinton Flowers (RB, CIN)","RB","CIN",0,1,"yes",1
6,"Saquon Barkley","Saquon Barkley (RB, NYG)","RB","NYG",246.212637068533,70,"no",54
229,"Derrius Guice","Derrius Guice (RB, WAS)","RB","WAS",0,1,"yes",1
60,"Ronald Jones","Ronald Jones (RB, TBB)","RB","TBB",100.627423360799,4,"yes",4
45,"Sony Michel","Sony Michel (RB, NEP)","RB","NEP",127.692671507814,4,"yes",4
53,"Rashaad Penny","Rashaad Penny (RB, SEA)","RB","SEA",114.683929807542,5,"yes",5
157,"Akrum Wadley","Akrum Wadley (RB, TEN)","RB","TEN",17.9916666666667,1,"yes",1
69,"Nick Chubb","Nick Chubb (RB, CLE)","RB","CLE",88.8582146086249,1,"yes",1
155,"Josh Adams","Josh Adams (RB, PHI)","RB","PHI",20.25,1,"yes",1
36,"Kerryon Johnson","Kerryon Johnson (RB, DET)","RB","DET",139.332719487549,5,"yes",5
128,"Jaylen Samuels","Jaylen Samuels (RB, PIT)","RB","PIT",31.671,1,"yes",1
40,"Jaylen Samuels","Jaylen Samuels (RB, PIT)","TE","PIT",53.6956666666667,1,"yes",1
138,"Phillip Lindsay","Phillip Lindsay (RB, DEN)","RB","DEN",28.2026774580336,1,"yes",1
156,"Bo Scarbrough","Bo Scarbrough (RB, DAL)","RB","DAL",18.0334285714286,1,"yes",1
134,"Mark Walton","Mark Walton (RB, CIN)","RB","CIN",29.5228571428571,1,"yes",1
27,"Royce Freeman","Royce Freeman (RB, DEN)","RB","DEN",155.856362900649,23,"yes",23
125,"John Kelly","John Kelly (RB, LAR)","RB","LAR",34.4155,1,"yes",1
168,"Justin Jackson","Justin Jackson (RB, LAC)","RB","LAC",12.9432,1,"yes",1
112,"Kalen Ballage","Kalen Ballage (RB, MIA)","RB","MIA",43.0889069178122,1,"yes",1
81,"Nyheim Hines","Nyheim Hines (RB, IND)","RB","IND",73.6627671890602,1,"yes",1
229,"Jarvion Franklin","Jarvion Franklin (RB, PIT)","RB","PIT",0,1,"yes",1
229,"Ralph Webb","Ralph Webb (RB, NEP)","RB","NEP",0,1,"yes",1
162,"Roc Thomas","Roc Thomas (RB, MIN)","RB","MIN",15.166,1,"yes",1
64,"Calvin Ridley","Calvin Ridley (WR, ATL)","WR","ATL",111.531128937547,1,"yes",1
78,"Courtland Sutton","Courtland Sutton (WR, DEN)","WR","DEN",94.1466911914067,1,"yes",1
77,"James Washington","James Washington (WR, PIT)","WR","PIT",94.6132579136692,1,"yes",1
128,"Allen Lazard","Allen Lazard (WR, JAC)","WR","JAC",37.25,1,"yes",1
81,"Christian Kirk","Christian Kirk (WR, ARI)","WR","ARI",93.250240417435,1,"yes",1
109,"Dante Pettis","Dante Pettis (WR, SFO)","WR","SFO",56.6184139379638,1,"yes",1
58,"D.J. Moore","D.J. Moore (WR, CAR)","WR","CAR",117.103889737677,3,"yes",3
203,"Deon Cain","Deon Cain (WR, IND)","WR","IND",11.1,1,"yes",1
172,"Equanimeous St. Brown","Equanimeous St. Brown (WR, GBP)","WR","GBP",17.408,1,"yes",1
184,"Braxton Berrios","Braxton Berrios (WR, NEP)","WR","NEP",14.326,1,"yes",1
79,"Anthony Miller","Anthony Miller (WR, CHI)","WR","CHI",94.0206021256795,1,"yes",1
97,"Antonio Callaway","Antonio Callaway (WR, CLE)","WR","CLE",71.1676877528355,1,"yes",1
192,"Ray-Ray McCloud","Ray-Ray McCloud (WR, BUF)","WR","BUF",13.13,1,"yes",1
180,"Auden Tate","Auden Tate (WR, CIN)","WR","CIN",15.5173693989071,1,"yes",1
209,"Javon Wims","Javon Wims (WR, CHI)","WR","CHI",10.6841666666667,1,"yes",1
98,"Tre'Quan Smith","Tre'Quan Smith (WR, NOS)","WR","NOS",70.2624995493718,1,"yes",1
73,"Michael Gallup","Michael Gallup (WR, DAL)","WR","DAL",99.6942557080485,3,"yes",3
160,"Marcell Ateman","Marcell Ateman (WR, OAK)","WR","OAK",20.5726693548387,1,"yes",1
144,"Deontay Burnett","Deontay Burnett (WR, TEN)","WR","TEN",30.05,1,"yes",1
140,"DaeSean Hamilton","DaeSean Hamilton (WR, DEN)","WR","DEN",32.2677270114943,1,"yes",1
213,"Austin Proehl","Austin Proehl (WR, BUF)","WR","BUF",10.35,1,"yes",1
211,"Cedrick Wilson","Cedrick Wilson (WR, DAL)","WR","DAL",10.6,1,"yes",1
260,"Robert Foster","Robert Foster (WR, BUF)","WR","BUF",0,1,"yes",1
260,"Jester Weah","Jester Weah (WR, HOU)","WR","HOU",0,1,"yes",1
142,"J'Mon Moore","J'Mon Moore (WR, GBP)","WR","GBP",30.674537414966,1,"yes",1
146,"Jordan Lasley","Jordan Lasley (WR, BAL)","WR","BAL",29.4793028248588,1,"yes",1
137,"Keke Coutee","Keke Coutee (WR, HOU)","WR","HOU",33.1156666666667,1,"yes",1
241,"Jaleel Scott","Jaleel Scott (WR, BAL)","WR","BAL",6.85,1,"yes",1
183,"Trey Quinn","Trey Quinn (WR, WAS)","WR","WAS",14.7804901960784,1,"yes",1
260,"Jake Wieneke","Jake Wieneke (WR, MIN)","WR","MIN",0,1,"yes",1
139,"Daurice Fountain","Daurice Fountain (WR, IND)","WR","IND",32.5334525547445,1,"yes",1
130,"Korey Robertson","Korey Robertson (WR, MIN)","WR","MIN",36.25,1,"yes",1
103,"D.J. Chark","D.J. Chark (WR, JAC)","WR","JAC",61.09401616002,1,"yes",1
260,"Darren Andrews","Darren Andrews (WR, NEP)","WR","NEP",0,1,"yes",1
53,"Mark Andrews","Mark Andrews (TE, BAL)","TE","BAL",36.9222521008403,1,"yes",1
26,"Mike Gesicki","Mike Gesicki (TE, MIA)","TE","MIA",86.2583667903095,1,"yes",1
77,"Troy Fumagalli","Troy Fumagalli (TE, DEN)","TE","DEN",21.0286666666667,1,"yes",1
35,"Dallas Goedert","Dallas Goedert (TE, PHI)","TE","PHI",59.183704578432,1,"yes",1
95,"Tyler Conklin","Tyler Conklin (TE, MIN)","TE","MIN",14.7498967112025,1,"yes",1
87,"Durham Smythe","Durham Smythe (TE, MIA)","TE","MIA",16.9886666666667,1,"yes",1
63,"Ian Thomas","Ian Thomas (TE, CAR)","TE","CAR",29.3266343537415,1,"yes",1
47,"Chris Herndon","Chris Herndon (TE, NYJ)","TE","NYJ",46.0378936315868,1,"yes",1
27,"Hayden Hurst","Hayden Hurst (TE, BAL)","TE","BAL",82.2645522161379,1,"yes",1
22,"Daniel Carlson","Daniel Carlson (K, MIN)","K","MIN",115.103450954693,1,"yes",1
33,"Eddy Pineiro","Eddy Pineiro (K, OAK)","K","OAK",82.8432365082589,1,"yes",1
30,"Blake Jarwin","Blake Jarwin (TE, DAL)","TE","DAL",65.6315987754601,1,"yes",1
177,"Richie James","Richie James (WR, SFO)","WR","SFO",15.7291666666667,1,"yes",1
97,"Chase Edmonds","Chase Edmonds (RB, ARI)","RB","ARI",56.0083008589055,1,"yes",1
136,"Billy Brown","Billy Brown (TE, PHI)","TE","PHI",0,1,"yes",1
45,"Jordan Akins","Jordan Akins (TE, HOU)","TE","HOU",47.0035083266336,1,"yes",1
85,"Will Dissly","Will Dissly (TE, SEA)","TE","SEA",17.4824836956522,1,"yes",1
136,"Ito Smith","Ito Smith (RB, ATL)","RB","ATL",28.968625,1,"yes",1
60,"Dalton Schultz","Dalton Schultz (TE, DAL)","TE","DAL",31.6615431907363,1,"yes",1
174,"Justin Watson","Justin Watson (WR, TBB)","WR","TBB",16.6045428954424,1,"yes",1
77,"Jordan Wilkins","Jordan Wilkins (RB, IND)","RB","IND",76.0426031333428,1,"yes",1
120,"Marquez Valdes-Scantling","Marquez Valdes-Scantling (WR, GBP)","WR","GBP",43.1774405487754,1,"yes",1
171,"Damion Ratley","Damion Ratley (WR, CLE)","WR","CLE",17.45775,1,"yes",1
161,"Dylan Cantrell","Dylan Cantrell (WR, LAC)","WR","LAC",19.8241530683403,1,"yes",1
222,"Russell Gage","Russell Gage (WR, ATL)","WR","ATL",9.16518381877023,1,"yes",1
141,"Boston Scott","Boston Scott (RB, NOS)","RB","NOS",25.1294047619048,1,"yes",1
161,"Trenton Cannon","Trenton Cannon (RB, NYJ)","RB","NYJ",16.3411428571429,1,"yes",1
94,"Jordan Thomas","Jordan Thomas (TE, HOU)","TE","HOU",15.416,1,"yes",1
98,"Danny Etling","Danny Etling (QB, NEP)","QB","NEP",0.08,1,"yes",1
99,"Alex McGough","Alex McGough (QB, SEA)","QB","SEA",0,1,"yes",1
186,"David Williams","David Williams (RB, DEN)","RB","DEN",7.86666666666667,1,"yes",1
28,"Jason Sanders","Jason Sanders (K, MIA)","K","MIA",107.953427186525,1,"yes",1
209,"Nick Bawden","Nick Bawden (RB, DET)","RB","DET",4.05,1,"yes",1
99,"Logan Woodside","Logan Woodside (QB, CIN)","QB","CIN",0,1,"yes",1
104,"Ryan Izzo","Ryan Izzo (TE, NEP)","TE","NEP",11.575,1,"yes",1
126,"Ryan Nall","Ryan Nall (RB, CHI)","RB","CHI",33.14,1,"yes",1
200,"Gus Edwards","Gus Edwards (RB, BAL)","RB","BAL",6.4,1,"yes",1
260,"Cody Hollister","Cody Hollister (WR, NEP)","WR","NEP",0,1,"yes",1
229,"Terry Swanson","Terry Swanson (RB, HOU)","RB","HOU",0,1,"yes",1
136,"Deon Yelder","Deon Yelder (TE, NOS)","TE","NOS",0,1,"yes",1
228,"Joel Bouagnon","Joel Bouagnon (RB, GBP)","RB","GBP",0.03,1,"yes",1
136,"Austin Roberts","Austin Roberts (TE, LAC)","TE","LAC",0,1,"yes",1
260,"River Cracraft","River Cracraft (WR, DEN)","WR","DEN",0,1,"yes",1
260,"Byron Pringle","Byron Pringle (WR, KCC)","WR","KCC",0,1,"yes",1
260,"Greg Ward","Greg Ward (WR, PHI)","WR","PHI",0,1,"yes",1
223,"Mike Boone","Mike Boone (RB, MIN)","RB","MIN",2.51,1,"yes",1
230,"Dontrell Hilliard","Dontrell Hilliard (RB, CLE)","RB","CLE",-0.06,1,"yes",1
136,"Cole Hunt","Cole Hunt (TE, LAC)","TE","LAC",0,1,"yes",1
99,"Tim Boyle","Tim Boyle (QB, GBP)","QB","GBP",0,1,"yes",1
227,"Shaun Wilson","Shaun Wilson (RB, TBB)","RB","TBB",0.09,1,"yes",1
183,"Mark Thompson","Mark Thompson (RB, BAL)","RB","BAL",8.2,1,"yes",1
260,"Teo Redding","Teo Redding (WR, DET)","WR","DET",0,1,"yes",1
